Workbook

Sheet Document Control
A1: MT1 / pacs.008 SR2026 Standard SSI — Controlled TDD v1
A3: Status | B3: CONTROLLED DRAFT — BA/QA SIGN-OFF PENDING
A4: Prepared | B4: 2026-09-13
A5: Architecture | B5: Configuration / DB -> API -> Page parameter model -> Generic UI
A6: Scope | B6: MT1 standard SSI and SR2026 pacs.008 plain/STP
A7: Font | B7: Times New Roman 11
A8: Evidence rule | B8: File name + SHA-256 + page; raw JSON; full key tree first
A9: Execution rule | B9: All cases start NOT_EXECUTED; no inferred PASS
A10: Source conflict | B10: Earlier internal workbook excludes all MT1; proposed scope requires BA sign-off
A11: Version conflict | B11: Official supplied UG=.001.08; repository observation=.001.12

Sheet BA Ruling
A1: Item | B1: Proposed ruling | C1: Authority | D1: Status
A2: MT103 family | B2: Include MT103/REMIT/STP as proposed standard-SSI customer-credit profiles | C2: MRG + pacs.008 UGs + BA | D2: PENDING_BA
A3: MT101 | B3: Reference-only until execution boundary is approved | C3: MRG mapping + BA | D3: PENDING_BA
A4: MT102 family | B4: Do not execute until split/atomicity model is approved | C4: MRG + BA | D4: PENDING_BA
A5: MT104/107 | B5: Exclude from pacs.008; no fallback | C5: MRG scope | D5: CONFIRMED_SOURCE_BOUNDARY
A6: Profile routing | B6: Use business scenario + BizSvc; never MsgDefIdr alone | C6: plain/STP UG p.10 | D6: CONFIRMED_SOURCE
A7: Version | B7: Do not equate .001.08 and repository .001.12 without evidence | C7: Source register | D7: OPEN

Sheet Scope
A1: Message/Profile | B1: Description | C1: Classification | D1: SSI-related roles | E1: Source | F1: Control note
A2: MT101 | B2: Request for Transfer | C2: REFERENCE_ONLY_PENDING_BA | D2: 52a,56a,57a | E2: us1m pp.14–18, 26–45, 51–64 | F2: Request/execution boundary must be explicit
A3: MT102 | B3: Multiple Customer Credit Transfer | C3: PENDING_BA_SCOPE | D3: 52a,53a,57a | E3: us1m pp.71–77, 89–113 | F3: Decide message-level versus per-transaction resolution
A4: MT102STP | B4: Multiple Customer Credit Transfer STP | C4: PENDING_BA_SCOPE | D4: 52a,53a,57a | E4: us1m pp.124–160 | F4: Separate strict profile
A5: MT103 | B5: Single Customer Credit Transfer | C5: IN_SCOPE_PROPOSED | D5: 52a–57a | E5: us1m pp.171–181,193–203 | F5: Formal BA sign-off required
A6: MT103REMIT | B6: Single Customer Credit Transfer REMIT | C6: IN_SCOPE_PROPOSED | D6: 52a–57a | E6: us1m pp.255–287 | F6: Separate NVR set
A7: MT103STP | B7: Single Customer Credit Transfer STP | C7: IN_SCOPE_PROPOSED | D7: 52a–57a | E7: us1m pp.297–318+ | F7: Separate strict profile
A8: MT104 | B8: Direct Debit / Request for Debit Transfer | C8: OUT_OF_PACS008_SCOPE | D8: direct-debit roles | E8: us1m p.356 | F8: No pacs.008 fallback
A9: MT107 | B9: General Direct Debit | C9: OUT_OF_PACS008_SCOPE | D9: direct-debit roles | E9: us1m p.394 | F9: No pacs.008 fallback
A10: pacs.008.001.08 plain | B10: FIToFI Customer Credit Transfer | C10: IN_SCOPE_PROPOSED | D10: settlement/reimbursement/agent chain | E10: plain UG p.10 onward | F10: BizSvc swift.cbprplus.04
A11: pacs.008.001.08 STP | B11: FIToFI Customer Credit Transfer STP | C11: IN_SCOPE_PROPOSED | D11: settlement/reimbursement/agent chain | E11: STP UG p.10 onward | F11: BizSvc swift.cbprplus.stp.04

Sheet Field Matrix
A1: Message/Profile | B1: Sequence | C1: Tag | D1: Official role | E1: Options | F1: Data owner | G1: Key rule | H1: Evidence
A2: MT101 | B2: A/B | C2: 52a | D2: Account Servicing Institution | E2: A,C | F2: UPSTREAM/REFERENCE | G2: C6 sequence-exclusive | H2: us1m pp.17,26–28,37–39
A3: MT101 | B3: B | C3: 56a | D3: Intermediary | E3: A,C,D | F3: UPSTREAM/REFERENCE | G3: C7 requires 57a | H3: us1m pp.18,39–42
A4: MT101 | B4: B | C4: 57a | D4: Account With Institution | E4: A,C,D | F4: UPSTREAM/REFERENCE | G4: absence=Receiver is AWI | H4: us1m pp.42–45
A5: MT102 | B5: A/B | C5: 52a | D5: Ordering Institution | E5: A,B,C,D by exact sequence | F5: PENDING_BA | G5: sequence-exclusive | H5: us1m pp.73–77,89,98
A6: MT102 | B6: B | C6: 57a | D6: Account With Institution | E6: A,C,D | F6: PENDING_BA | G6: absence=Receiver is AWI | H6: us1m pp.100–103
A7: MT102 | B7: C | C7: 53a | D7: Sender's Correspondent | E7: profile-specific | F7: PENDING_BA | G7: multiplicity/no-direct relationship | H7: us1m pp.111–113
A8: MT103 | B8: BASE | C8: 52a | D8: Ordering Institution | E8: per exact profile | F8: TRANSACTION/UPSTREAM | G8: Do not share permissive option set | H8: us1m pp.193–203
A9: MT103 | B9: BASE | C9: 53a | D9: Sender's Correspondent | E9: per exact profile | F9: OWN_SSI/NOSTRO | G9: Do not share permissive option set | H9: us1m pp.193–203
A10: MT103 | B10: BASE | C10: 54a | D10: Receiver's Correspondent | E10: per exact profile | F10: COUNTERPARTY_SSI | G10: Do not share permissive option set | H10: us1m pp.193–203
A11: MT103 | B11: BASE | C11: 55a | D11: Third Reimbursement Institution | E11: per exact profile | F11: COUNTERPARTY_SSI | G11: Do not share permissive option set | H11: us1m pp.193–203
A12: MT103 | B12: BASE | C12: 56a | D12: Intermediary Institution | E12: per exact profile | F12: COUNTERPARTY_SSI | G12: Do not share permissive option set | H12: us1m pp.193–203
... A25: MT103STP | B25: BASE | C25: 57a | D25: Account With Institution | E25: per exact profile | F25: COUNTERPARTY_SSI | G25: Do not share permissive option set | H25: us1m p.318 onward

Sheet NVR Semantics
A1: Message/Profile | B1: Rule | C1: Semantic | D1: Validation owner | E1: Expected code | F1: Polarity
A2: MT101 | B2: C6 | C2: 52a in A excludes 52a in B | D2: UPSTREAM_FIN_VALIDATOR | E2: D64 | F2: Negative
A3: MT101 | B3: C7 | C3: 56a requires 57a | D3: UPSTREAM_FIN_VALIDATOR | E3: D65 | F3: Negative
A4: MT102 | B4: C5 | C4: 52a placement is sequence-exclusive | D4: UPSTREAM_FIN_VALIDATOR | E4: D18 | F4: Negative
A5: MT103 family | B5: C7 | C5: 55a requires both 53a and 54a | D5: UPSTREAM_FIN_VALIDATOR | E5: profile-specific | F5: Negative
A6: MT103 family | B6: C9 | C6: 56a requires 57a | D6: UPSTREAM_FIN_VALIDATOR | E6: C81 | F6: Negative
A7: MT103 STP | B7: Profile | C7: Only STP-permitted options/instruction values | D7: UPSTREAM_FIN_VALIDATOR | E7: profile-specific | F7: Negative
A8: pacs.008 | B8: BAH | C8: From=InstgAgt and To=InstdAgt under applicable copy rules | D8: UPSTREAM_MX_VALIDATOR | E8: R rules | F8: Negative

Sheet MT-MX Mapping
A1: MT field | B1: MT role | C1: pacs.008 target | D1: Invariant | E1: Evidence
A2: 53B | B2: Sender's Correspondent account | C2: GrpHdr/SttlmInf/SttlmAcct | D2: Exact active accountReference | E2: Both UGs p.13
A3: 53a | B3: Sender's Correspondent | C3: InstgRmbrsmntAgt | D3: Preserve institution/account role | E3: plain UG pp.14–17
A4: 54a | B4: Receiver's Correspondent | C4: InstdRmbrsmntAgt | D4: Preserve institution/account role | E4: plain UG pp.17–20
A5: 55a | B5: Third Reimbursement Institution | C5: ThrdRmbrsmntAgt | D5: Preserve institution/account role | E5: plain UG pp.20–23
A6: 56a | B6: Intermediary Institution | C6: IntrmyAgt1..3 | D6: Ordered chain; no collapse | E6: plain UG pp.37–45
A7: 57a | B7: Account With Institution | C7: CdtrAgt or governed chain destination | D7: Context-sensitive mapping | E7: plain UG pp.57–59
A8: BAH From | B8: Sender | C8: InstgAgt | D8: Formal consistency | E8: plain UG p.91;STP p.53
A9: BAH To | B9: Receiver | C9: InstdAgt | D9: Formal consistency | E9: plain UG p.90;STP p.52–53

Sheet BA Open Decisions
A1: ID | B1: Area | C1: Decision required | D1: Owner | E1: Impact | F1: Status
A2: OPEN-MT1-001 | B2: Scope | C2: Confirm MT103/REMIT/STP inclusion versus source workbook's earlier all-MT1 exclusion | D2: BA | E2: BLOCKS FINAL ACCEPTANCE | F2: OPEN
A3: OPEN-MT1-002 | B3: Scope | C3: Confirm MT101 reference-only or define pre-execution SSI resolution | D3: BA | E3: BLOCKS MT101 EXECUTION | F3: OPEN
A4: OPEN-MT1-003 | B4: Scope | C4: Decide MT102/102 STP message-level versus per-transaction resolution/atomicity | D4: BA | E4: BLOCKS MT102 EXECUTION | F4: OPEN
A5: OPEN-MT1-004 | B5: Version | C5: Official SR2026 UGs are pacs.008.001.08 while repository currently models .001.12 | D5: BA/Architecture | E5: BLOCKS MX ACCEPTANCE | F5: OPEN
A6: OPEN-MT1-005 | B6: Profile | C6: Confirm plain/STP share canonical route snapshot but retain separate validation profiles | D6: BA/QA | E6: BLOCKS PROFILE SIGN-OFF | F6: OPEN

Sheet TDD Cases
A1: Case ID | B1: Message/Profile | C1: Sequence | D1: Scenario | E1: Input | F1: Data ownership | G1: Expected MT | H1: Expected MX | I1: Expected resolution | J1: Source evidence | K1: Design status | L1: Polarity | M1: Fixture class | N1: Fixture binding | O1: Expected HTTP | P1: Defect rule | Q1: TDD state | R1: Execution status | S1: Validation owner | T1: Required evidence
A2: MT103-001 | B2: MT103 | C2: BASE | D2: Unique direct Sender/Receiver account | E2: currency=USD; one active direct account; Receiver=CdtrAgt | F2: OWN_SSI + TRANSACTION | G2: 53a/54a/56a/57a omitted by rule; 52A from transaction if applicable | H2: MsgDefIdr=pacs.008.001.08; BizSvc=swift.cbprplus.04; SttlmAcct omitted unless 53B applies | I2: RESOLVED + explicit omission decisions | J2: us1m_20260717.pdf SHA 54002BDF...E90E70 pp.171–181, 193–203 | K2: PROPOSED_IN_SCOPE | L2: POSITIVE | M2: MT1-CANONICAL-POSITIVE | N2: FIX-MT103-001@v1 | O2: 200 | P2: PRODUCT DEFECT if route/omission differs | Q2: RED — SPECIFIED, NOT EXECUTED | R2: NOT_EXECUTED | S2: SSI_FIELD_RESOLUTION_API | T2: Raw JSON key tree + MT/MX + rendering decisions + snapshot identity
A3: MT103-002 | B3: MT103 | C3: BASE | D3: Multiple direct reimbursement accounts | E3: two distinct active accountReference values; selectedAccount pin | F3: OWN_SSI/NOSTRO | G3: 53B=/<selected accountReference>; Party Identifier only | H3: GrpHdr.SttlmInf.SttlmAcct.Id.Othr.Id=<selected accountReference>; BizSvc=swift.cbprplus.04 | I3: RESOLVED | J3: us1m_20260717.pdf SHA 54002BDF...E90E70 pp.171–181, 193–203 | K3: PROPOSED_IN_SCOPE | L3: POSITIVE | M3: MT1-CANONICAL-POSITIVE | N3: FIX-MT103-002@v1 | O3: 200 | P3: PRODUCT DEFECT if maskedAccountRef used or 53B omitted | Q3: RED — SPECIFIED, NOT EXECUTED | R3: NOT_EXECUTED | S3: SSI_FIELD_RESOLUTION_API | T3: Selected SSI/Nostro IDs and exact accountReference
A4: MT103-003 | B4: MT103 | C4: BASE | D4: No direct reimbursement relationship | E4: directRelationshipCount=0; governed correspondent SSI exists | F4: COUNTERPARTY_SSI | G4: 53A=<Sender correspondent BIC> | H4: InstgRmbrsmntAgt=<same governed institution> | I4: RESOLVED | J4: us1m_20260717.pdf SHA 54002BDF...E90E70 pp.171–181, 193–203 | K4: PROPOSED_IN_SCOPE | L4: POSITIVE | M4: MT1-CANONICAL-POSITIVE | N4: FIX-MT103-003@v1 | O4: 200 | P4: PRODUCT DEFECT if 53a absent | Q4: RED — SPECIFIED, NOT EXECUTED | R4: NOT_EXECUTED | S4: SSI_FIELD_RESOLUTION_API | T4: Candidate ranking + chosen route + MT/MX role identity
A5: MT103-004 | B5: MT103 | C5: BASE | D5: Reimbursement chain | E5: 53a,54a,55a governed roles present and distinct | F5: COUNTERPARTY_SSI | G5: 53A,54A,55A rendered in correct roles | H5: InstgRmbrsmntAgt/InstdRmbrsmntAgt/ThrdRmbrsmntAgt preserved | I5: RESOLVED | J5: us1m_20260717.pdf SHA 54002BDF...E90E70 pp.171–181, 193–203 | K5: PROPOSED_IN_SCOPE | L5: POSITIVE | M5: MT1-CANONICAL-POSITIVE | N5: FIX-MT103-004@v1 | O5: 200 | P5: PRODUCT DEFECT on role collapse or swap | Q5: RED — SPECIFIED, NOT EXECUTED | R5: NOT_EXECUTED | S5: SSI_FIELD_RESOLUTION_API | T5: Role-by-role provenance and equality oracle
A6: MT103-005 | B6: MT103 | C6: BASE | D6: Intermediary route | E6: 56A and 57A governed roles present; role BICs distinct | F6: COUNTERPARTY_SSI | G6: 56A=<intermediary>;57A=<account-with institution> | H6: IntrmyAgt1 and CdtrAgt retain ordered roles | I6: RESOLVED | J6: us1m_20260717.pdf SHA 54002BDF...E90E70 pp.171–181, 193–203 | K6: PROPOSED_IN_SCOPE | L6: POSITIVE | M6: MT1-CANONICAL-POSITIVE | N6: FIX-MT103-005@v1 | O6: 200 | P6: PRODUCT DEFECT on role collapse or swap | Q6: RED — SPECIFIED, NOT EXECUTED | R6: NOT_EXECUTED | S6: SSI_FIELD_RESOLUTION_API | T6: Role provenance + ordered agent-chain oracle
A7: MT103-006 | B7: MT103 | C7: BASE | D7: NVR 56a requires 57a | E7: 56a present;57a absent | F7: UPSTREAM_MESSAGE | G7: No FIN output; reject dependency violation | H7: No MX output | I7: NVR_REJECTED | J7: us1m_20260717.pdf SHA 54002BDF...E90E70 pp.171–181, 193–203 | K7: CONFIRMED_NVR | L7: NEGATIVE | M7: MT1-NVR-NEGATIVE | N7: FIX-MT103-006@v1 | O7: UPSTREAM_REJECT | P7: Do not claim PASS without real FIN validator | Q7: RED — SPECIFIED, NOT EXECUTED | R7: NOT_EXECUTED | S7: UPSTREAM_FIN_VALIDATOR | T7: Native validator response/error code
A8: MT103-007 | B8: MT103 | C8: BASE | D8: NVR 55a requires 53a and 54a | E8: 55a present;53a or54a absent | F8: UPSTREAM_MESSAGE | G8: No FIN output; reject dependency violation | H8: No MX output | I8: NVR_REJECTED | J8: us1m_20260717.pdf SHA 54002BDF...E90E70 pp.171–181, 193–203 | K8: CONFIRMED_NVR | L8: NEGATIVE | M8: MT1-NVR-NEGATIVE | N8: FIX-MT103-007@v1 | O8: UPSTREAM_REJECT | P8: Do not claim PASS without real FIN validator | Q8: RED — SPECIFIED, NOT EXECUTED | R8: NOT_EXECUTED | S8: UPSTREAM_FIN_VALIDATOR | T8: Native validator response/error code
A9: MT103-008 | B9: MT103 | C9: BASE | D9: Mandatory route SSI not found | E9: no eligible active SSI for mandatory role | F9: COUNTERPARTY_SSI | G9: No MT payload | H9: No MX payload | I9: SSI_NOT_FOUND / fail closed | J9: us1m_20260717.pdf SHA 54002BDF...E90E70 pp.171–181, 193–203 | K9: PROPOSED_IN_SCOPE | L9: NEGATIVE | M9: MT1-DQ-NEGATIVE | N9: FIX-MT103-008@v1 | O9: 409 DEV/DEMO;500 non-DEV | P9: PRODUCT DEFECT if payload or Repair Queue created | Q9: RED — SPECIFIED, NOT EXECUTED | R9: NOT_EXECUTED | S9: SSI_FIELD_RESOLUTION_API | T9: HTTP/code/remediation + side-effect assertions
A10: MT103-009 | B10: MT103 | C10: BASE | D10: Ambiguous route SSI | E10: two equally ranked eligible SSI candidates | F10: COUNTERPARTY_SSI | G10: No MT payload | H10: No MX payload | I10: SSI_AMBIGUOUS / fail closed | J10: us1m_20260717.pdf SHA 54002BDF...E90E70 pp.171–181, 193–203 | K10: PROPOSED_IN_SCOPE | L10: NEGATIVE | M10: MT1-DQ-NEGATIVE | N10: FIX-MT103-009@v1 | O10: 409 DEV/DEMO;500 non-DEV | P10: PRODUCT DEFECT if arbitrary winner selected | Q10: RED — SPECIFIED, NOT EXECUTED | R10: NOT_EXECUTED | S10: SSI_FIELD_RESOLUTION_API | T10: Alternatives/excludedCandidates + no-payload evidence
A11: MT103-010 | B11: MT103 | C11: BASE | D11: Selected accountReference missing | E11: chosen reimbursement accountReference=NULL/blank | F11: OWN_SSI/NOSTRO | G11: No MT payload; maskedAccountRef forbidden | H11: No MX payload | I11: INCORRECT_SSI_CONFIGURATION | J11: us1m_20260717.pdf SHA 54002BDF...E90E70 pp.171–181, 193–203 | K11: PRODUCT_POLICY | L11: NEGATIVE | M11: MT1-DQ-NEGATIVE | N11: FIX-MT103-010@v1 | O11: 409 DEV/DEMO;500 non-DEV | P11: PRODUCT DEFECT if maskedAccountRef substituted | Q11: RED — SPECIFIED, NOT EXECUTED | R11: NOT_EXECUTED | S11: SSI_FIELD_RESOLUTION_API | T11: DB row identity + structured remediation
A12: MT103-011 | B12: MT103 | C12: BASE | D12: Invalid option for profile | E12: request option Z or profile-disallowed option | F12: UPSTREAM_MESSAGE | G12: No MT payload | H12: No MX payload | I12: OPTION_CONSTRAINT_VIOLATION | J12: us1m_20260717.pdf SHA 54002BDF...E90E70 pp.171–181, 193–203 | K12: CONFIRMED_PROFILE_RULE | L12: NEGATIVE | M12: MT1-NVR-NEGATIVE | N12: FIX-MT103-011@v1 | O12: 422 | P12: PRODUCT DEFECT if invalid option accepted | Q12: RED — SPECIFIED, NOT EXECUTED | R12: NOT_EXECUTED | S12: SSI_FIELD_RESOLUTION_API | T12: Allowed option set + error contract
... A75: MT107-002 | B75: MT107 | C75: MESSAGE | D75: No cross-family fallback | E75: missing direct-debit route data | F75: UPSTREAM_MESSAGE | G75: No pacs.008 SSI fallback | H75: No pacs.008 payload | I75: OUT_OF_PACS008_SCOPE | J75: us1m_20260717.pdf SHA 54002BDF...E90E70 p.394 | K75: CONFIRMED_MRG_BOUNDARY | L75: NEGATIVE | M75: MT1-BOUNDARY | N75: FIX-MT107-002@v1 | O75: NOT_APPLICABLE | P75: PRODUCT DEFECT if customer-credit fixture reused | Q75: RED — SPECIFIED, NOT EXECUTED | R75: NOT_EXECUTED | S75: UPSTREAM_PAYMENT_ENGINE | T75: No-call/no-write evidence

Sheet Scenario Registry
A1: Scenario ID | B1: Message/Profile | C1: Sequence | D1: Scenario | E1: Design status | F1: Validation owner | G1: Evidence
A2: SCN-001 | B2: MT103 | C2: BASE | D2: Unique direct Sender/Receiver account | E2: PROPOSED_IN_SCOPE | F2: SSI_FIELD_RESOLUTION_API | G2: us1m_20260717.pdf SHA 54002BDF...E90E70 pp.171–181, 193–203
A3: SCN-002 | B3: MT103 | C3: BASE | D3: Multiple direct reimbursement accounts | E3: PROPOSED_IN_SCOPE | F3: SSI_FIELD_RESOLUTION_API | G3: us1m_20260717.pdf SHA 54002BDF...E90E70 pp.171–181, 193–203
A4: SCN-003 | B4: MT103 | C4: BASE | D4: No direct reimbursement relationship | E4: PROPOSED_IN_SCOPE | F4: SSI_FIELD_RESOLUTION_API | G4: us1m_20260717.pdf SHA 54002BDF...E90E70 pp.171–181, 193–203
A5: SCN-004 | B5: MT103 | C5: BASE | D5: Reimbursement chain | E5: PROPOSED_IN_SCOPE | F5: SSI_FIELD_RESOLUTION_API | G5: us1m_20260717.pdf SHA 54002BDF...E90E70 pp.171–181, 193–203
A6: SCN-005 | B6: MT103 | C6: BASE | D6: Intermediary route | E6: PROPOSED_IN_SCOPE | F6: SSI_FIELD_RESOLUTION_API | G6: us1m_20260717.pdf SHA 54002BDF...E90E70 pp.171–181, 193–203
A7: SCN-006 | B7: MT103 | C7: BASE | D7: NVR 56a requires 57a | E7: CONFIRMED_NVR | F7: UPSTREAM_FIN_VALIDATOR | G7: us1m_20260717.pdf SHA 54002BDF...E90E70 pp.171–181, 193–203
A8: SCN-007 | B8: MT103 | C8: BASE | D8: NVR 55a requires 53a and 54a | E8: CONFIRMED_NVR | F8: UPSTREAM_FIN_VALIDATOR | G8: us1m_20260717.pdf SHA 54002BDF...E90E70 pp.171–181, 193–203
A9: SCN-008 | B9: MT103 | C9: BASE | D9: Mandatory route SSI not found | E9: PROPOSED_IN_SCOPE | F9: SSI_FIELD_RESOLUTION_API | G9: us1m_20260717.pdf SHA 54002BDF...E90E70 pp.171–181, 193–203
A10: SCN-009 | B10: MT103 | C10: BASE | D10: Ambiguous route SSI | E10: PROPOSED_IN_SCOPE | F10: SSI_FIELD_RESOLUTION_API | G10: us1m_20260717.pdf SHA 54002BDF...E90E70 pp.171–181, 193–203
A11: SCN-010 | B11: MT103 | C11: BASE | D11: Selected accountReference missing | E11: PRODUCT_POLICY | F11: SSI_FIELD_RESOLUTION_API | G11: us1m_20260717.pdf SHA 54002BDF...E90E70 pp.171–181, 193–203
A12: SCN-011 | B12: MT103 | C12: BASE | D12: Invalid option for profile | E12: CONFIRMED_PROFILE_RULE | F12: SSI_FIELD_RESOLUTION_API | G12: us1m_20260717.pdf SHA 54002BDF...E90E70 pp.171–181, 193–203
... A75: SCN-074 | B75: MT107 | C75: MESSAGE | D75: No cross-family fallback | E75: CONFIRMED_MRG_BOUNDARY | F75: UPSTREAM_PAYMENT_ENGINE | G75: us1m_20260717.pdf SHA 54002BDF...E90E70 p.394

Sheet Fixture Manifest
A1: Case ID | B1: Binding | C1: SSI ID | D1: SSI version | E1: Applicability ID | F1: Applicability version | G1: RMA ID | H1: RMA version | I1: Fixture class | J1: Load status | K1: Invariant
A2: MT103-001 | B2: FIX-MT103-001@v1 | C2: b86668ff-0b64-5afc-aa13-2c9cb1279c6a | D2: 1 | E2: ce3dcf94-32b3-5ab3-8ef0-cbcc1848703a | F2: 1 | G2: 2468fbe6-3b28-56fd-8c1a-1d89c465cb0b | H2: 1 | I2: MT1-CANONICAL-POSITIVE | J2: PROPOSED_NOT_LOADED | K2: QA and Browser UAT must use same binding
A3: MT103-002 | B3: FIX-MT103-002@v1 | C3: 3b27bdc2-e508-59eb-9f63-f1695c38c838 | D3: 1 | E3: 7983f949-f3f3-5a37-a29f-456740b19dbc | F3: 1 | G3: 122e5f0a-f401-5f6a-bd0f-5b3b1724bad4 | H3: 1 | I3: MT1-CANONICAL-POSITIVE | J3: PROPOSED_NOT_LOADED | K3: QA and Browser UAT must use same binding
A4: MT103-003 | B4: FIX-MT103-003@v1 | C4: 52c302c2-77fd-5889-8bd3-4969491e2bb3 | D4: 1 | E4: 3205a7ed-40cf-5963-9c36-c8b56a8c2201 | F4: 1 | G4: 6c5adb40-8c7b-5e59-8e70-8c1aa104f480 | H4: 1 | I4: MT1-CANONICAL-POSITIVE | J4: PROPOSED_NOT_LOADED | K4: QA and Browser UAT must use same binding
A5: MT103-004 | B5: FIX-MT103-004@v1 | C5: 499b87ec-9356-5dec-9065-e408e020f796 | D5: 1 | E5: 2c94744e-61e5-5b09-90f1-6e4dfb34f240 | F5: 1 | G5: fc327e62-e78a-52be-b9a1-9fec406fdedf | H5: 1 | I5: MT1-CANONICAL-POSITIVE | J5: PROPOSED_NOT_LOADED | K5: QA and Browser UAT must use same binding
A6: MT103-005 | B6: FIX-MT103-005@v1 | C6: f514b8af-bb8a-5a23-942c-1823c02f40e6 | D6: 1 | E6: f7268a26-5573-56a4-b7d5-1c6c23592f02 | F6: 1 | G6: 2f02afb4-56a0-5f7a-8d15-2c8b5d40e257 | H6: 1 | I6: MT1-CANONICAL-POSITIVE | J6: PROPOSED_NOT_LOADED | K6: QA and Browser UAT must use same binding
A7: MT103-006 | B7: FIX-MT103-006@v1 | C7: 34cbae05-86db-59a7-8a3c-b0d2399958e3 | D7: 1 | E7: d2b42cb0-c1d3-5b2a-a652-69185c9169da | F7: 1 | G7: b775beb1-ba10-5ac0-9abb-9ceea9415e14 | H7: 1 | I7: MT1-NVR-NEGATIVE | J7: PROPOSED_NOT_LOADED | K7: QA and Browser UAT must use same binding
A8: MT103-007 | B8: FIX-MT103-007@v1 | C8: 983749f6-83d0-5b21-87ae-27dca9202ccf | D8: 1 | E8: b3f9ce55-243f-5114-bbd9-0bf7baa3265d | F8: 1 | G8: 5e08f21d-a691-531d-af76-67911294118c | H8: 1 | I8: MT1-NVR-NEGATIVE | J8: PROPOSED_NOT_LOADED | K8: QA and Browser UAT must use same binding
A9: MT103-008 | B9: FIX-MT103-008@v1 | C9: 857cdf9f-1a8c-5590-a66d-221b9edbff6a | D9: 1 | E9: df008195-42bd-5ed3-80af-ede2e138ad0a | F9: 1 | G9: 1ea5ba3b-8992-59f4-81f6-75c5a5cc8b86 | H9: 1 | I9: MT1-DQ-NEGATIVE | J9: PROPOSED_NOT_LOADED | K9: QA and Browser UAT must use same binding
A10: MT103-009 | B10: FIX-MT103-009@v1 | C10: 775d5447-0a0e-589a-8f8d-e3eeb3763da3 | D10: 1 | E10: 0524b3dd-2853-5ea7-9782-9aa60eb4bda3 | F10: 1 | G10: 94cc1bd9-6f27-5609-a496-71e737d98ec1 | H10: 1 | I10: MT1-DQ-NEGATIVE | J10: PROPOSED_NOT_LOADED | K10: QA and Browser UAT must use same binding
A11: MT103-010 | B11: FIX-MT103-010@v1 | C11: 5d98e53b-6c2f-5312-9dcc-bca372d6f3ce | D11: 1 | E11: c28724e8-2d36-574a-8e91-3d84d07e1d5e | F11: 1 | G11: 9bb33a5c-e183-51fa-a524-0be06d6edf2d | H11: 1 | I11: MT1-DQ-NEGATIVE | J11: PROPOSED_NOT_LOADED | K11: QA and Browser UAT must use same binding
A12: MT103-011 | B12: FIX-MT103-011@v1 | C12: eb402f42-c736-59f3-8218-6d6ac041b1f5 | D12: 1 | E12: 1aeb9b96-f9b8-5d14-a737-85f1e375440d | F12: 1 | G12: 60804ae2-1fe9-5f3b-923c-ed1b4dd267ee | H12: 1 | I12: MT1-NVR-NEGATIVE | J12: PROPOSED_NOT_LOADED | K12: QA and Browser UAT must use same binding
A13: MT103-012 | B13: FIX-MT103-012@v1 | C13: ce650f76-6ab7-5c91-a734-7cb5a8a240c2 | D13: 1 | E13: 15970bf5-0b15-5b82-9282-90608a724d88 | F13: 1 | G13: f5cf393a-5e5d-5ae1-a3db-0bafe591ef24 | H13: 1 | I13: MT1-CANONICAL-POSITIVE | J13: PROPOSED_NOT_LOADED | K13: QA and Browser UAT must use same binding
... A75: MT107-002 | B75: FIX-MT107-002@v1 | C75: a76eda3f-893e-58ed-a6a2-fc78ce47d3a0 | D75: 1 | E75: 5e8dee60-383e-53bc-8abe-2c3818175fa9 | F75: 1 | G75: 9a2efd88-1148-5982-afeb-32ba23c1c0a5 | H75: 1 | I75: MT1-BOUNDARY | J75: PROPOSED_NOT_LOADED | K75: QA and Browser UAT must use same binding

Sheet Evidence Controls
A1: ID | B1: Evidence | C1: Requirement | D1: Applies to | E1: Status
A2: EVID-MT1-001 | B2: Full JSON key tree | C2: Top-level + mx + mt before any conclusion | D2: All API cases | E2: MANDATORY
A3: EVID-MT1-002 | B3: Raw request/response | C3: Byte-preserved JSON + SHA-256 | D3: All API cases | E3: MANDATORY
A4: EVID-MT1-003 | B4: Profile identity | C4: Business scenario + BizSvc + MsgDefIdr | D4: All conversion cases | E4: MANDATORY
A5: EVID-MT1-004 | B5: Fixture identity | C5: Exact IDs/versions + logical snapshot | D5: All data cases | E5: MANDATORY
A6: EVID-MT1-005 | B6: MT/MX equality oracle | C6: Role/BIC/account/omission/profile comparisons | D6: All dual-output cases | E6: MANDATORY
A7: EVID-MT1-006 | B7: Browser evidence | C7: Positive and negative UI flow after DB reload | D7: Executable UI cases | E7: MANDATORY
A8: EVID-MT1-007 | B8: Native validator | C8: No service simulation accepted as upstream FIN/MX validator PASS | D8: NVR cases | E8: MANDATORY
A9: EVID-MT1-008 | B9: No side effects | C9: No payload/resolution/Repair Queue on fail-closed | D9: DQ negative cases | E9: MANDATORY

Sheet Source Register
A1: Source | B1: Type | C1: SHA-256 | D1: Pages/scope | E1: Use
A2: MT1支援標準SSI_v3_MRG覆核版.xlsx | B2: Internal BA input | C2: D5DD5EFE1A1B39062FD7F92157E6FEEA447D58A1E1A33861E79750B8E3836F0F | D2: 7 sheets | E2: Scope hypothesis; not normative
A3: us1m_20260717.pdf | B3: Official SR2026 MRG | C3: 54002BDF2140563A543DE330283EE7BC64C0724DC69499326CE34F70A7E90E70 | D3: 465 pages | E3: Category 1 normative source
A4: CBPRPlus_SR2026_(Combined)_CBPRPlus-pacs_008_001_08_FIToFICustomerCreditTransfer_20260521_0831.pdf | B4: Official SR2026 CBPR+ UG | C4: F563E3478ED76329DB2400BC1E58BE5D345C499DABEB4C4561A7A8E1D15566B3 | D4: 108 pages | E4: pacs.008 plain profile
A5: CBPRPlus_SR2026_(Combined)_CBPRPlus-pacs_008_001_08_STP_FIToFICustomerCreditTransfer_20260522_0133.pdf | B5: Official SR2026 CBPR+ UG | C5: D9807C95700CCFBFB6AAD03CE40AE32213F75B805A683937EB4BBD296EEF23F6 | D5: 66 pages | E5: pacs.008 STP profile
A6: memory/swift-mt1xx-pacs008-v1.md | B6: Controlled draft memory | C6: 6CC1AAF49CC587B7606E1AFA857A32DBCB207003BD6B220A9AD59EBFCAEBF774 | D6: Entire file | E6: Normative/BA/QA/product-policy separation
A7: docs/architecture/ADR-001-api-driven-ui.md | B7: Repository architecture decision | C7: VERIFY_AT_INTEGRATION | D7: Entire file | E7: Configuration/DB→API→page model→generic UI

Sheet Coverage Ledger
A1: Metric | B1: Calculated | C1: Expected | D1: Difference | E1: Interpretation
A2: Total controlled cases | B2: =COUNTA('TDD Cases'!A2:A75) -> 74 | C2: 74 | D2: =B2-C2 -> 0 | E2: Must be zero
A3: Positive | B3: =COUNTIF('TDD Cases'!L2:L75,"POSITIVE") -> 34 | C3: 34 | D3: =B3-C3 -> 0
A4: Negative | B4: =COUNTIF('TDD Cases'!L2:L75,"NEGATIVE") -> 34 | C4: 34 | D4: =B4-C4 -> 0
A5: Boundary | B5: =COUNTIF('TDD Cases'!L2:L75,"BOUNDARY") -> 6 | C5: 6 | D5: =B5-C5 -> 0
A6: Polarity difference | B6: =B2-SUM(B3:B5) -> 0 | C6: 0 | D6: =B6-C6 -> 0 | E6: Must be zero
A7: Not executed | B7: =COUNTIF('TDD Cases'!R2:R75,"NOT_EXECUTED") -> 74 | C7: 74 | D7: =B7-C7 -> 0 | E7: No acceptance claim
A8: PASS | B8: =COUNTIF('TDD Cases'!R2:R75,"PASS") -> 0 | C8: 0 | D8: =B8-C8 -> 0
A9: FAIL | B9: =COUNTIF('TDD Cases'!R2:R75,"FAIL") -> 0 | C9: 0 | D9: =B9-C9 -> 0
A10: BLOCKED | B10: =COUNTIF('TDD Cases'!R2:R75,"BLOCKED") -> 0 | C10: 0 | D10: =B10-C10 -> 0 | E10: Design/open decisions are separate
A11: Execution difference | B11: =B2-SUM(B7:B10) -> 0 | C11: 0 | D11: =B11-C11 -> 0 | E11: Must be zero
A12: Open BA decisions | B12: =COUNTIF('BA Open Decisions'!F2:F6,"OPEN") -> 5 | C12: 5 | D12: =B12-C12 -> 0 | E12: Must close for final acceptance
A13: Fixture bindings | B13: =COUNTA('Fixture Manifest'!A2:A75) -> 74 | C13: 74 | D13: =B13-C13 -> 0 | E13: One per case
A14: Scenario registry | B14: =COUNTA('Scenario Registry'!A2:A75) -> 74 | C14: 74 | D14: =B14-C14 -> 0 | E14: Unique profile/sequence/scenario
A15: Ledger defects | B15: =COUNTIF(D2:D14,"<>0") -> 0 | C15: 0 | D15: =B15-C15 -> 0 | E15: Must be zero

Sheet Change Log
A1: Version | B1: Date | C1: Change | D1: Reason | E1: Status
A2: v1 | B2: 2026-09-13 | C2: Created MRG/UG-traceable MT1+pacs.008 controlled TDD | D2: User request; same governance pattern as MT2/MT347 | E2: DRAFT
A3: v1 | B3: 2026-09-13 | C3: Kept prior all-MT1 exclusion as an explicit conflict instead of silently replacing it | D3: BA sign-off required | E3: OPEN
A4: v1 | B4: 2026-09-13 | C4: Separated `.001.08` official evidence from repository `.001.12` observation | D4: Prevent false normative claim | E4: OPEN
